{
	"textures": {
		"texture": "custom/ui/menu"
	},
	"gui_light":"front",
	"elements": [ 	 
		{
			"__comment": "PlaneX1",
			"from": [ 7.25, 0, -13.4 ],
			"to": [ 7.251, 23.6, 30.5 ],
			"faces": {
				"west": { "uv": [ 0, 0, 16, 16 ], "texture": "#texture" },
				"east": { "uv": [ 0, 0, 16, 16 ], "texture": "#texture" }
			}
		}
	],
	"display": {
		"gui": {
			"rotation":  [ 0, -90, 0 ],
			"translation":  [ -70, 21, -5 ],
			"scale":  [ 0.0001, 3.985, 3.985 ]
		},
		"ground" :{
			"scale": [0,0,0]
		}
	}
}