{
"parent": "item/generated",
"display": {
    "thirdperson_righthand": {
        "rotation": [ 0, -90, 55 ],
        "translation": [ 0, 5.0, -0.5 ],
        "scale": [ 2.5, 2.5, 2.5 ]
    },
    "thirdperson_lefthand": {
        "rotation": [ 0, 90, -55 ],
        "translation": [ 0, 5.0, 0.5 ],
        "scale": [ 2.5, 2.5, 2.5 ]
    },
    "firstperson_righthand": {
        "rotation": [ 0, -90, 25 ],
        "translation": [ 1.13, 3.2, 1.13 ],
        "scale": [ 1.5, 1.5, 1.5 ]
    },
    "firstperson_lefthand": {
        "rotation": [ 0, 90, -25 ],
        "translation": [ 1.13, 3.2, 1.13 ],
        "scale": [ 1.5, 1.5, 1.5 ]
    },
"ground": {
"rotation": [ 0, 0, 0 ],
"translation": [ 0, 2, 0 ],
"scale": [ 1.0, 1.0, 1.0 ]
}
},
"textures": {
    "layer0": "item/sand_mage_staff"
}
}