{
	"parent": "item/handheld",
	"textures": {
		"layer0": "item/carrot_on_a_stick"
	},

	"overrides": [{
			"predicate": {
				"custom_model_data": 1
			},
			"model": "item/phoenixlash"
		},
		{
			"predicate": {
				"custom_model_data": 2
			},
			"model": "item/guided_hex"
		},
		{
			"predicate": {
				"custom_model_data": 3
			},
			"model": "item/resurrection_tome"
		},
		{
			"predicate": {
				"custom_model_data": 4
			},
			"model": "item/volt"
		},
		{
			"predicate": {
				"custom_model_data": 5
			},
			"model": "item/staff_of_the_earth"
		},
		{
			"predicate": {
				"custom_model_data": 6
			},
			"model": "item/healing_staff"
		},
{
			"predicate": {
				"custom_model_data": 7
			},
			"model": "item/inferno_fork"
		},
{
			"predicate": {
				"custom_model_data": 8
			},
			"model": "item/frozen_hatchet"
		},
{
			"predicate": {
				"custom_model_data": 9
			},
			"model": "item/the_detonator"
		}
		
	]
}