{
"parent": "item/generated",
"display": {
    "thirdperson_righthand": {
        "rotation": [ 0, -90, 55 ],
        "translation": [ 0, 5.0, -0.5 ],
        "scale": [ 2, 2, 2 ]
    },
    "thirdperson_lefthand": {
        "rotation": [ 0, 90, -55 ],
        "translation": [ 0, 5.0, 0.5 ],
        "scale": [ 2, 2, 2 ]
    },
    "firstperson_righthand": {
        "rotation": [ 0, -90, 25 ],
        "translation": [ 1.13, 3.2, 1.13 ],
        "scale": [ 1.2, 1.2, 1.2 ]
    },
    "firstperson_lefthand": {
        "rotation": [ 0, 90, -25 ],
        "translation": [ 1.13, 3.2, 1.13 ],
        "scale": [ 1.2, 1.2, 1.2 ]
    },
"ground": {
"rotation": [ 0, 0, 0 ],
"translation": [ 0, 2, 0 ],
"scale": [ 1.0, 1.0, 1.0 ]
},
"gui": {
"rotation": [ 0, 0, 0 ],
"translation": [ 0, 0, 0 ],
"scale": [ 1.25, 1.25, 1.25 ]
}
},
"textures": {
    "layer0": "item/inferno_fork"
}
}