{
	"parent": "item/handheld",
	"textures": {
		"layer0": "item/netherite_sword"
	},

	"overrides": [{
			"predicate": {
				"custom_model_data": 1
			},
			"model": "item/darkcutlass"
		},
		{
			"predicate": {
				"custom_model_data": 2
			},
			"model": "item/soul_blade"
		},
		{
			"predicate": {
				"custom_model_data": 3
			},
			"model": "item/dusk"
		},
		{
			"predicate": {
				"custom_model_data": 4
			},
			"model": "item/shadowflame_dagger"
		},
{
			"predicate": {
				"custom_model_data": 5
			},
			"model": "item/vamperic_dagger"
		}
		
	]
}