{
"parent": "item/generated",
"display": {
    "thirdperson_righthand": {
        "rotation": [ 0, 90, 60 ],
        "translation": [ 0, 10, 3.5 ],
        "scale": [ 2, 2, 2 ]
    },
    "thirdperson_lefthand": {
        "rotation": [ 0, -90, -60 ],
        "translation": [ 0, 10.0, 3.5 ],
        "scale": [ 2, 2, 2 ]
    },
    "firstperson_righthand": {
        "rotation": [ 0, 90, 60 ],
        "translation": [ 1.13, 8.2, 2.13 ],
        "scale": [ 1.5, 1.5, 1.5 ]
    },
    "firstperson_lefthand": {
        "rotation": [ 0, -90, -25 ],
        "translation": [ 1.13, 8.2, -2.13 ],
        "scale": [ 1.5, 1.5, 1.5 ]
    },
"ground": {
"rotation": [ 0, 0, 0 ],
"translation": [ 0, 0, 0 ],
"scale": [ 1.0, 1.0, 1.0 ]
},
"fixed": {
"rotation": [ 0, 0, 0 ],
"translation": [ 0, 0, 0 ],
"scale": [ 6.0, 6.0, 1.5 ]
}
},
"textures": {
    "layer0": "item/rock_slide"
}
}