{
	"credit": "Made with Blockbench",
	"textures": {
		"0": "block/artemis/pearl1",
		"1": "block/artemis/pearl2",
		"2": "block/artemis/pearl3",
		"3": "block/artemis/pearl4",
		"4": "block/artemis/pearl5",
		"5": "block/artemis/chain",
		"6": "block/artemis/chain2",
		"particle": "block/artemis/pearl1"
	},
	"elements": [
		{
			"from": [7, 0, 5],
			"to": [8, 1, 6],
			"faces": {
				"north": {"uv": [0, 0, 1, 1], "texture": "#1"},
				"east": {"uv": [0, 1, 1, 2], "texture": "#1"},
				"south": {"uv": [1, 0, 2, 1], "texture": "#1"},
				"west": {"uv": [1, 1, 2, 2], "texture": "#1"},
				"up": {"uv": [1, 3, 0, 2], "texture": "#1"},
				"down": {"uv": [3, 0, 2, 1], "texture": "#1"}
			}
		},
		{
			"from": [9, 0, 5],
			"to": [10, 1, 6],
			"faces": {
				"north": {"uv": [0, 0, 1, 1], "texture": "#0"},
				"east": {"uv": [0, 1, 1, 2], "texture": "#0"},
				"south": {"uv": [1, 0, 2, 1], "texture": "#0"},
				"west": {"uv": [1, 1, 2, 2], "texture": "#0"},
				"up": {"uv": [1, 3, 0, 2], "texture": "#0"},
				"down": {"uv": [3, 0, 2, 1], "texture": "#0"}
			}
		},
		{
			"from": [5, 0, 9],
			"to": [6, 1, 10],
			"faces": {
				"north": {"uv": [0, 0, 1, 1], "texture": "#4"},
				"east": {"uv": [0, 1, 1, 2], "texture": "#4"},
				"south": {"uv": [1, 0, 2, 1], "texture": "#4"},
				"west": {"uv": [1, 1, 2, 2], "texture": "#4"},
				"up": {"uv": [1, 3, 0, 2], "texture": "#4"},
				"down": {"uv": [3, 0, 2, 1], "texture": "#4"}
			}
		},
		{
			"from": [8, 0, 10],
			"to": [9, 1, 11],
			"rotation": {"angle": 0, "axis": "y", "origin": [7.5, 0.5, 7.5]},
			"faces": {
				"north": {"uv": [1, 0, 2, 1], "texture": "#1"},
				"east": {"uv": [1, 1, 2, 2], "texture": "#1"},
				"south": {"uv": [0, 0, 1, 1], "texture": "#1"},
				"west": {"uv": [0, 1, 1, 2], "texture": "#1"},
				"up": {"uv": [1, 3, 0, 2], "rotation": 180, "texture": "#1"},
				"down": {"uv": [3, 0, 2, 1], "rotation": 180, "texture": "#1"}
			}
		},
		{
			"from": [6, 0, 10],
			"to": [7, 1, 11],
			"rotation": {"angle": 0, "axis": "y", "origin": [7.5, 0.5, 7.5]},
			"faces": {
				"north": {"uv": [1, 0, 2, 1], "texture": "#0"},
				"east": {"uv": [1, 1, 2, 2], "texture": "#0"},
				"south": {"uv": [0, 0, 1, 1], "texture": "#0"},
				"west": {"uv": [0, 1, 1, 2], "texture": "#0"},
				"up": {"uv": [1, 3, 0, 2], "rotation": 180, "texture": "#0"},
				"down": {"uv": [3, 0, 2, 1], "rotation": 180, "texture": "#0"}
			}
		},
		{
			"from": [10, 0, 6],
			"to": [11, 1, 7],
			"rotation": {"angle": 0, "axis": "y", "origin": [7.5, 0.5, 7.5]},
			"faces": {
				"north": {"uv": [1, 0, 2, 1], "texture": "#4"},
				"east": {"uv": [1, 1, 2, 2], "texture": "#4"},
				"south": {"uv": [0, 0, 1, 1], "texture": "#4"},
				"west": {"uv": [0, 1, 1, 2], "texture": "#4"},
				"up": {"uv": [1, 3, 0, 2], "rotation": 180, "texture": "#4"},
				"down": {"uv": [3, 0, 2, 1], "rotation": 180, "texture": "#4"}
			}
		},
		{
			"from": [10, 0, 8],
			"to": [11, 1, 9],
			"rotation": {"angle": 0, "axis": "y", "origin": [7.5, 0.5, 7.5]},
			"faces": {
				"north": {"uv": [1, 0, 2, 1], "texture": "#3"},
				"east": {"uv": [1, 1, 2, 2], "texture": "#3"},
				"south": {"uv": [0, 0, 1, 1], "texture": "#3"},
				"west": {"uv": [0, 1, 1, 2], "texture": "#3"},
				"up": {"uv": [1, 3, 0, 2], "rotation": 180, "texture": "#3"},
				"down": {"uv": [3, 0, 2, 1], "rotation": 180, "texture": "#3"}
			}
		},
		{
			"from": [10, 0, 10],
			"to": [11, 1, 11],
			"rotation": {"angle": 0, "axis": "y", "origin": [7.5, 0.5, 7.5]},
			"faces": {
				"north": {"uv": [1, 0, 2, 1], "texture": "#2"},
				"east": {"uv": [1, 1, 2, 2], "texture": "#2"},
				"south": {"uv": [0, 0, 1, 1], "texture": "#2"},
				"west": {"uv": [0, 1, 1, 2], "texture": "#2"},
				"up": {"uv": [1, 3, 0, 2], "rotation": 180, "texture": "#2"},
				"down": {"uv": [3, 0, 2, 1], "rotation": 180, "texture": "#2"}
			}
		},
		{
			"from": [5, 0, 7],
			"to": [6, 1, 8],
			"faces": {
				"north": {"uv": [0, 0, 1, 1], "texture": "#3"},
				"east": {"uv": [0, 1, 1, 2], "texture": "#3"},
				"south": {"uv": [1, 0, 2, 1], "texture": "#3"},
				"west": {"uv": [1, 1, 2, 2], "texture": "#3"},
				"up": {"uv": [1, 3, 0, 2], "texture": "#3"},
				"down": {"uv": [3, 0, 2, 1], "texture": "#3"}
			}
		},
		{
			"from": [5, 0, 5],
			"to": [6, 1, 6],
			"faces": {
				"north": {"uv": [0, 0, 1, 1], "texture": "#2"},
				"east": {"uv": [0, 1, 1, 2], "texture": "#2"},
				"south": {"uv": [1, 0, 2, 1], "texture": "#2"},
				"west": {"uv": [1, 1, 2, 2], "texture": "#2"},
				"up": {"uv": [1, 3, 0, 2], "texture": "#2"},
				"down": {"uv": [3, 0, 2, 1], "texture": "#2"}
			}
		},
		{
			"from": [5.4, 0.4, 8],
			"to": [5.6, 0.6, 9],
			"faces": {
				"north": {"uv": [0, 0, 1, 1], "texture": "#5"},
				"east": {"uv": [0, 1, 1, 2], "texture": "#5"},
				"south": {"uv": [1, 0, 2, 1], "texture": "#5"},
				"west": {"uv": [1, 1, 2, 2], "texture": "#5"},
				"up": {"uv": [1, 3, 0, 2], "texture": "#5"},
				"down": {"uv": [3, 0, 2, 1], "texture": "#5"}
			}
		},
		{
			"from": [5.4, 0.4, 6],
			"to": [5.6, 0.6, 7],
			"faces": {
				"north": {"uv": [0, 0, 1, 1], "texture": "#5"},
				"east": {"uv": [0, 1, 1, 2], "texture": "#5"},
				"south": {"uv": [1, 0, 2, 1], "texture": "#5"},
				"west": {"uv": [1, 1, 2, 2], "texture": "#5"},
				"up": {"uv": [1, 3, 0, 2], "texture": "#5"},
				"down": {"uv": [3, 0, 2, 1], "texture": "#5"}
			}
		},
		{
			"from": [10.4, 0.4, 9],
			"to": [10.6, 0.6, 10],
			"faces": {
				"north": {"uv": [0, 0, 1, 1], "texture": "#5"},
				"east": {"uv": [0, 1, 1, 2], "texture": "#5"},
				"south": {"uv": [1, 0, 2, 1], "texture": "#5"},
				"west": {"uv": [1, 1, 2, 2], "texture": "#5"},
				"up": {"uv": [1, 3, 0, 2], "texture": "#5"},
				"down": {"uv": [3, 0, 2, 1], "texture": "#5"}
			}
		},
		{
			"from": [10.4, 0.4, 7],
			"to": [10.6, 0.6, 8],
			"faces": {
				"north": {"uv": [0, 0, 1, 1], "texture": "#5"},
				"east": {"uv": [0, 1, 1, 2], "texture": "#5"},
				"south": {"uv": [1, 0, 2, 1], "texture": "#5"},
				"west": {"uv": [1, 1, 2, 2], "texture": "#5"},
				"up": {"uv": [1, 3, 0, 2], "texture": "#5"},
				"down": {"uv": [3, 0, 2, 1], "texture": "#5"}
			}
		},
		{
			"from": [9, 0.4, 10.4],
			"to": [10, 0.6, 10.6],
			"rotation": {"angle": 0, "axis": "y", "origin": [8.5, 0.5, 8.5]},
			"faces": {
				"north": {"uv": [0, 1, 1, 2], "texture": "#5"},
				"east": {"uv": [1, 0, 2, 1], "texture": "#5"},
				"south": {"uv": [1, 1, 2, 2], "texture": "#5"},
				"west": {"uv": [0, 0, 1, 1], "texture": "#5"},
				"up": {"uv": [1, 3, 0, 2], "rotation": 270, "texture": "#5"},
				"down": {"uv": [3, 0, 2, 1], "rotation": 90, "texture": "#5"}
			}
		},
		{
			"from": [7, 0.4, 10.4],
			"to": [8, 0.6, 10.6],
			"rotation": {"angle": 0, "axis": "y", "origin": [8.5, 0.5, 8.5]},
			"faces": {
				"north": {"uv": [0, 1, 1, 2], "texture": "#5"},
				"east": {"uv": [1, 0, 2, 1], "texture": "#5"},
				"south": {"uv": [1, 1, 2, 2], "texture": "#5"},
				"west": {"uv": [0, 0, 1, 1], "texture": "#5"},
				"up": {"uv": [1, 3, 0, 2], "rotation": 270, "texture": "#5"},
				"down": {"uv": [3, 0, 2, 1], "rotation": 90, "texture": "#5"}
			}
		},
		{
			"from": [8, 0.4, 5.4],
			"to": [9, 0.6, 5.6],
			"rotation": {"angle": 0, "axis": "y", "origin": [8.5, 0.5, 8.5]},
			"faces": {
				"north": {"uv": [0, 1, 1, 2], "texture": "#5"},
				"east": {"uv": [1, 0, 2, 1], "texture": "#5"},
				"south": {"uv": [1, 1, 2, 2], "texture": "#5"},
				"west": {"uv": [0, 0, 1, 1], "texture": "#5"},
				"up": {"uv": [1, 3, 0, 2], "rotation": 270, "texture": "#5"},
				"down": {"uv": [3, 0, 2, 1], "rotation": 90, "texture": "#5"}
			}
		},
		{
			"from": [6, 0.4, 5.4],
			"to": [7, 0.6, 5.6],
			"rotation": {"angle": 0, "axis": "y", "origin": [8.5, 0.5, 8.5]},
			"faces": {
				"north": {"uv": [0, 1, 1, 2], "texture": "#5"},
				"east": {"uv": [1, 0, 2, 1], "texture": "#5"},
				"south": {"uv": [1, 1, 2, 2], "texture": "#5"},
				"west": {"uv": [0, 0, 1, 1], "texture": "#5"},
				"up": {"uv": [1, 3, 0, 2], "rotation": 270, "texture": "#5"},
				"down": {"uv": [3, 0, 2, 1], "rotation": 90, "texture": "#5"}
			}
		},
		{
			"from": [10, 0.4, 5.4],
			"to": [10.6, 0.6, 5.6],
			"faces": {
				"north": {"uv": [0, 0, 1, 1], "texture": "#6"},
				"east": {"uv": [0, 1, 1, 2], "texture": "#6"},
				"south": {"uv": [1, 0, 2, 1], "texture": "#6"},
				"west": {"uv": [1, 1, 2, 2], "texture": "#6"},
				"up": {"uv": [1, 3, 0, 2], "texture": "#6"},
				"down": {"uv": [3, 0, 2, 1], "texture": "#6"}
			}
		},
		{
			"from": [10.4, 0.4, 5.4],
			"to": [10.6, 0.6, 6],
			"rotation": {"angle": 0, "axis": "y", "origin": [10.3, 0.5, 5.5]},
			"faces": {
				"north": {"uv": [0, 1, 1, 2], "texture": "#6"},
				"east": {"uv": [1, 0, 2, 1], "texture": "#6"},
				"south": {"uv": [1, 1, 2, 2], "texture": "#6"},
				"west": {"uv": [0, 0, 1, 1], "texture": "#6"},
				"up": {"uv": [1, 3, 0, 2], "rotation": 270, "texture": "#6"},
				"down": {"uv": [3, 0, 2, 1], "rotation": 90, "texture": "#6"}
			}
		},
		{
			"from": [5.4, 0.4, 10.4],
			"to": [6, 0.6, 10.6],
			"rotation": {"angle": 0, "axis": "y", "origin": [5.4, 0.5, 10.6]},
			"faces": {
				"north": {"uv": [1, 0, 2, 1], "texture": "#6"},
				"east": {"uv": [1, 1, 2, 2], "texture": "#6"},
				"south": {"uv": [0, 0, 1, 1], "texture": "#6"},
				"west": {"uv": [0, 1, 1, 2], "texture": "#6"},
				"up": {"uv": [1, 3, 0, 2], "rotation": 180, "texture": "#6"},
				"down": {"uv": [3, 0, 2, 1], "rotation": 180, "texture": "#6"}
			}
		},
		{
			"from": [5.4, 0.4, 10],
			"to": [5.6, 0.6, 10.6],
			"rotation": {"angle": 0, "axis": "y", "origin": [5.4, 0.5, 10.6]},
			"faces": {
				"north": {"uv": [1, 1, 2, 2], "texture": "#6"},
				"east": {"uv": [0, 0, 1, 1], "texture": "#6"},
				"south": {"uv": [0, 1, 1, 2], "texture": "#6"},
				"west": {"uv": [1, 0, 2, 1], "texture": "#6"},
				"up": {"uv": [1, 3, 0, 2], "rotation": 90, "texture": "#6"},
				"down": {"uv": [3, 0, 2, 1], "rotation": 270, "texture": "#6"}
			}
		}
	],
	"gui_light": "front",
	"display": {
		"thirdperson_righthand": {
			"rotation": [-89, 0, 0],
			"translation": [0, -2, -5]
		},
		"thirdperson_lefthand": {
			"rotation": [90, 0, 0],
			"translation": [0, -2, 10]
		},
		"firstperson_righthand": {
			"translation": [0, -50, 0]
		},
		"firstperson_lefthand": {
			"translation": [0, -4.75, 0]
		},
		"ground": {
			"translation": [0, 9.25, 0],
			"scale": [1.5, 1.5, 1.5]
		},
		"gui": {
			"rotation": [30.92, -28.89, 16.12],
			"translation": [-3.75, 13, 0],
			"scale": [2, 2, 2]
		},
		"head": {
			"translation": [0, 41, 0],
			"scale": [4, 4, 4]
		},
		"fixed": {
			"rotation": [90, 0, 0],
			"translation": [0, 0, 30],
			"scale": [4, 4, 4]
		}
	},
	"groups": [
		{
			"name": "group",
			"origin": [0, 0, 0],
			"color": 0,
			"children": [0, 1, 2, 3, 4, 5, 6, 7, 8, 9]
		},
		{
			"name": "group",
			"origin": [8, 8, 8],
			"color": 0,
			"children": [
				{
					"name": "group",
					"origin": [0, 0, 0],
					"color": 0,
					"children": [
						10,
						11,
						{
							"name": "group",
							"origin": [0, 0, 0],
							"color": 0,
							"children": [12, 13]
						}
					]
				},
				{
					"name": "group",
					"origin": [0, 0, 0],
					"color": 0,
					"children": [14, 15]
				},
				{
					"name": "group",
					"origin": [0, 0, 0],
					"color": 0,
					"children": [16, 17]
				}
			]
		},
		{
			"name": "group",
			"origin": [0, 0, 0],
			"color": 0,
			"children": [
				{
					"name": "group",
					"origin": [0, 0, 0],
					"color": 0,
					"children": [18, 19]
				},
				{
					"name": "group",
					"origin": [0, 0, 0],
					"color": 0,
					"children": [20, 21]
				}
			]
		}
	]
}