{
	"parent": "item/generated",
	"textures": {
		"layer0": "item/blaze_powder"
	},

	"overrides": [{
			"predicate": {
				"custom_model_data": 1
			},
			"model": "item/essance/fire"
		},
		{
			"predicate": {
				"custom_model_data": 2
			},
			"model": "item/essance/water"
		},
		{
			"predicate": {
				"custom_model_data": 3
			},
			"model": "item/essance/ice"
		},
		{
			"predicate": {
				"custom_model_data": 4
			},
			"model": "item/essance/light"
		},
		{
			"predicate": {
				"custom_model_data": 5
			},
			"model": "item/essance/earth"
		},
		{
			"predicate": {
				"custom_model_data": 6
			},
			"model": "item/essance/nature"
		},
		{
			"predicate": {
				"custom_model_data": 7
			},
			"model": "item/essance/lightning"
		},
		{
			"predicate": {
				"custom_model_data": 8
			},
			"model": "item/essance/dark"
		},
		{
			"predicate": {
				"custom_model_data": 9
			},
			"model": "item/essance/magic"
		}
	]
}