{
"parent": "item/generated",
"textures": {
    "layer0": "item/bow"
},
"display":
{
"thirdperson_righthand": {"rotation": [ -80, 260, -40 ],"translation": [ -1, -2, 2.5 ],"scale": [ 0.9, 0.9, 0.9 ]},
"thirdperson_lefthand": {"rotation": [ -80, -280, 40 ],"translation": [ -1, -2, 2.5 ],"scale": [ 0.9, 0.9, 0.9 ]},
"firstperson_righthand": {"rotation": [ 0, -90, 25 ],"translation": [ 1.13, 3.2, 1.13],"scale": [ 0.68, 0.68, 0.68 ]},
"firstperson_lefthand": {"rotation": [ 0, 90, -25 ],"translation": [ 1.13, 3.2, 1.13],"scale": [ 0.68, 0.68, 0.68 ]}
},
"overrides":
[
{"predicate": {"pulling": 1},"model": "item/bow_pulling_0"},
{"predicate": {"pulling": 1,"pull": 0.65},"model": "item/bow_pulling_1"},
{"predicate": {"pulling": 1,"pull": 0.9},"model": "item/bow_pulling_2"},

{"predicate": {"custom_model_data":1},"model": "item/bow/sonicbow"},
{"predicate": {"custom_model_data":1,"pulling": 1},"model": "item/bow/sonicbowpulling1"},
{"predicate": {"custom_model_data":1,"pulling": 1,"pull": 0.65},"model": "item/bow/sonicbowpulling2"},
{"predicate": {"custom_model_data":1,"pulling": 1,"pull": 0.9},"model": "item/bow/sonicbowpulling3"},

{"predicate": {"custom_model_data":2},"model": "item/bow/coldshot"},
{"predicate": {"custom_model_data":2,"pulling": 1},"model": "item/bow/coldshotpulling1"},
{"predicate": {"custom_model_data":2,"pulling": 1,"pull": 0.65},"model": "item/bow/coldshotpulling2"},
{"predicate": {"custom_model_data":2,"pulling": 1,"pull": 0.9},"model": "item/bow/coldshotpulling3"},

{"predicate": {"custom_model_data":3},"model": "item/bow/sand_mage_staff"},
{"predicate": {"custom_model_data":3,"pulling": 1},"model": "item/bow/sand_mage_staff"},
{"predicate": {"custom_model_data":3,"pulling": 1,"pull": 0.65},"model": "item/bow/sand_mage_staff"},
{"predicate": {"custom_model_data":3,"pulling": 1,"pull": 0.9},"model": "item/bow/sand_mage_staff"},

{"predicate": {"custom_model_data":4},"model": "item/bow/tribow"},
{"predicate": {"custom_model_data":4,"pulling": 1},"model": "item/bow/tribowpulling1"},
{"predicate": {"custom_model_data":4,"pulling": 1,"pull": 0.65},"model": "item/bow/tribowpulling2"},
{"predicate": {"custom_model_data":4,"pulling": 1,"pull": 0.9},"model": "item/bow/tribowpulling3"},

{"predicate": {"custom_model_data":5},"model": "item/bow/flamebow"},
{"predicate": {"custom_model_data":5,"pulling": 1},"model": "item/bow/flamebowpulling1"},
{"predicate": {"custom_model_data":5,"pulling": 1,"pull": 0.65},"model": "item/bow/flamebowpulling2"},
{"predicate": {"custom_model_data":5,"pulling": 1,"pull": 0.9},"model": "item/bow/flamebowpulling3"},

{"predicate": {"custom_model_data":6},"model": "item/bow/electrobow"},
{"predicate": {"custom_model_data":6,"pulling": 1},"model": "item/bow/electrobowpulling1"},
{"predicate": {"custom_model_data":6,"pulling": 1,"pull": 0.65},"model": "item/bow/electrobowpulling2"},
{"predicate": {"custom_model_data":6,"pulling": 1,"pull": 0.9},"model": "item/bow/electrobowpulling3"},

{"predicate": {"custom_model_data":7},"model": "item/bow/coldfusionbow"},
{"predicate": {"custom_model_data":7,"pulling": 1},"model": "item/bow/coldfusionbowpulling1"},
{"predicate": {"custom_model_data":7,"pulling": 1,"pull": 0.65},"model": "item/bow/coldfusionbowpulling2"},
{"predicate": {"custom_model_data":7,"pulling": 1,"pull": 0.9},"model": "item/bow/coldfusionbowpulling3"},
{"predicate": {"custom_model_data":8},"model": "item/bow/8"}
]
}