{
	"credit": "Made with Blockbench",
	"textures": {
		"0": "block/devour_gauntlet/face",
		"1": "block/devour_gauntlet/back",
		"2": "block/devour_gauntlet/left",
		"3": "block/devour_gauntlet/right",
		"4": "block/devour_gauntlet/top",
		"5": "block/devour_gauntlet/bottom",
		"particle": "face"
	},
	"elements": [
		{
			"from": [5, 0, 5],
			"to": [11, 1, 11],
			"faces": {
				"north": {"uv": [6, 0, 12, 1], "texture": "#5"},
				"east": {"uv": [6, 1, 12, 2], "texture": "#5"},
				"south": {"uv": [6, 2, 12, 3], "texture": "#5"},
				"west": {"uv": [6, 3, 12, 4], "texture": "#5"},
				"up": {"uv": [6, 6, 0, 0], "texture": "#5"},
				"down": {"uv": [6, 6, 0, 12], "texture": "#5"}
			}
		},
		{
			"from": [5, 7, 5],
			"to": [11, 8, 11],
			"faces": {
				"north": {"uv": [6, 0, 12, 1], "texture": "#4"},
				"east": {"uv": [6, 1, 12, 2], "texture": "#4"},
				"south": {"uv": [6, 2, 12, 3], "texture": "#4"},
				"west": {"uv": [6, 3, 12, 4], "texture": "#4"},
				"up": {"uv": [6, 6, 0, 0], "texture": "#4"},
				"down": {"uv": [6, 6, 0, 12], "texture": "#4"}
			}
		},
		{
			"from": [4, 0, 4],
			"to": [12, 8, 5],
			"faces": {
				"north": {"uv": [0, 0, 4, 4], "texture": "#0"},
				"east": {"uv": [4, 0, 4.5, 4], "texture": "#0"},
				"south": {"uv": [0, 4, 4, 8], "texture": "#0"},
				"west": {"uv": [4, 4, 4.5, 8], "texture": "#0"},
				"up": {"uv": [8.5, 0.5, 4.5, 0], "texture": "#0"},
				"down": {"uv": [8.5, 0.5, 4.5, 1], "texture": "#0"}
			}
		},
		{
			"from": [4, 0, 5],
			"to": [5, 8, 11],
			"rotation": {"angle": 0, "axis": "y", "origin": [7.5, 1, 8.5]},
			"faces": {
				"north": {"uv": [0, 8, 1, 16], "texture": "#3"},
				"east": {"uv": [0, 0, 6, 8], "texture": "#3"},
				"south": {"uv": [1, 8, 2, 16], "texture": "#3"},
				"west": {"uv": [6, 0, 12, 8], "texture": "#3"},
				"up": {"uv": [3, 14, 2, 8], "texture": "#3"},
				"down": {"uv": [4, 8, 3, 14], "texture": "#3"}
			}
		},
		{
			"from": [11, 0, 5],
			"to": [12, 8, 11],
			"rotation": {"angle": 0, "axis": "y", "origin": [7.5, 1, 8.5]},
			"faces": {
				"north": {"uv": [0, 8, 1, 16], "texture": "#2"},
				"east": {"uv": [0, 0, 6, 8], "texture": "#2"},
				"south": {"uv": [1, 8, 2, 16], "texture": "#2"},
				"west": {"uv": [6, 0, 12, 8], "texture": "#2"},
				"up": {"uv": [3, 14, 2, 8], "texture": "#2"},
				"down": {"uv": [4, 8, 3, 14], "texture": "#2"}
			}
		},
		{
			"from": [4, 0, 11],
			"to": [12, 8, 12],
			"faces": {
				"north": {"uv": [0, 0, 4, 4], "texture": "#1"},
				"east": {"uv": [4, 0, 4.5, 4], "texture": "#1"},
				"south": {"uv": [0, 4, 4, 8], "texture": "#1"},
				"west": {"uv": [4, 4, 4.5, 8], "texture": "#1"},
				"up": {"uv": [8.5, 0.5, 4.5, 0], "texture": "#1"},
				"down": {"uv": [8.5, 0.5, 4.5, 1], "texture": "#1"}
			}
		}
	],
	"display": {
		"thirdperson_righthand": {
			"translation": [0, 0.5, 1.75],
			"scale": [0.6, 0.6, 0.6]
		},
		"thirdperson_lefthand": {
			"translation": [0, 0.5, 0],
			"scale": [0.6, 0.6, 0.6]
		},
		"firstperson_righthand": {
			"rotation": [-180, 0, -180],
			"translation": [-9, 12, 3],
			"scale": [1.69, 1, 1]
		},
		"firstperson_lefthand": {
			"translation": [8, 6.5, 0],
			"scale": [1.2, 1.2, 1.2]
		},
		"ground": {
			"translation": [0, 6.25, 0]
		},
		"gui": {
			"rotation": [-151.75, 26.5, -180],
			"translation": [0, 4.25, 0],
			"scale": [1.2, 1.2, 1.2]
		},
		"head": {
			"translation": [0, 25.5, 0],
			"scale": [4, 4, 4]
		},
		"fixed": {
			"translation": [0, 5.75, 1.25],
			"scale": [1.5, 1.5, 1.5]
		}
	}
}