{
	"parent": "item/handheld",
	"textures": {
		"layer0": "item/gold_nugget"
	},

	"overrides": [{
			"predicate": {
				"custom_model_data": 1
			},
			"model": "item/coin"
		},
		{
			"predicate": {
				"custom_model_data": 2
			},
			"model": "item/key"
		},
		{
			"predicate": {
				"custom_model_data": 3
			},
			"model": "item/dungeonkey"
		},
		{
			"predicate": {
				"custom_model_data": 4
			},
			"model": "item/sandkey"
		},
		{
			"predicate": {
				"custom_model_data": 5
			},
			"model": "item/rarekey"
		},
		{
			"predicate": {
				"custom_model_data": 6
			},
			"model": "item/epickey"
		},
		{
			"predicate": {
				"custom_model_data": 7
			},
			"model": "item/legendarykey"
		},
		{
			"predicate": {
				"custom_model_data": 8
			},
			"model": "item/lush_dungeon_key"
		}

	]
}