{
	"parent": "item/handheld",
	"textures": {
		"layer0": "item/iron_sword"
	},

	"overrides": [{
			"predicate": {
				"custom_model_data": 1
			},
			"model": "item/dual_edge_sword"
		},
		{
			"predicate": {
				"custom_model_data": 2
			},
			"model": "item/beam_sword"
		},
		{
			"predicate": {
				"custom_model_data": 3
			},
			"model": "item/katana"
		},
		{
			"predicate": {
				"custom_model_data": 4
			},
			"model": "item/claymore"
		},
		{
			"predicate": {
				"custom_model_data": 5
			},
			"model": "item/corrupted_blade"
		},
		{
			"predicate": {
				"custom_model_data": 6
			},
			"model": "item/giagantic_claymore"
		}
	]
}