{
	"credit": "Made with Blockbench",
	"texture_size": [8, 8],
	"textures": {
		"2": "block/book1",
		"3": "block/paper",
		"4": "block/around",
		"5": "block/aroundagain",
		"6": "block/particles",
		"7": "block/gold",
		"particle": "around"
	},
	"elements": [
		{
			"from": [3.5, 0.1, 8.3],
			"to": [12.5, 0.9, 14],
			"rotation": {"angle": -22.5, "axis": "x", "origin": [8, 0.5, 8.5]},
			"faces": {
				"north": {"uv": [4.5, 0, 9, 0.5], "texture": "#2"},
				"east": {"uv": [4.5, 1, 7.5, 1.5], "texture": "#2"},
				"south": {"uv": [4.5, 0.5, 9, 1], "texture": "#2"},
				"west": {"uv": [4.5, 1.5, 7.5, 2], "texture": "#2"},
				"up": {"uv": [4.5, 3, 0, 0], "texture": "#2"},
				"down": {"uv": [4.5, 3, 0, 6], "texture": "#2"}
			}
		},
		{
			"from": [3.5, 0.1, 3],
			"to": [12.5, 0.9, 8.7],
			"rotation": {"angle": 22.5, "axis": "x", "origin": [8, 0.5, 8.5]},
			"faces": {
				"north": {"uv": [4.5, 0, 9, 0.5], "texture": "#2"},
				"east": {"uv": [4.5, 1, 7.5, 1.5], "texture": "#2"},
				"south": {"uv": [4.5, 0.5, 9, 1], "texture": "#2"},
				"west": {"uv": [4.5, 1.5, 7.5, 2], "texture": "#2"},
				"up": {"uv": [4.5, 3, 0, 0], "texture": "#2"},
				"down": {"uv": [4.5, 3, 0, 6], "texture": "#2"}
			}
		},
		{
			"from": [4, 1.2, 3],
			"to": [11.8, 1.3, 9],
			"rotation": {"angle": 45, "axis": "x", "origin": [9, 1, 8]},
			"faces": {
				"north": {"uv": [8, 0, 16, 1], "texture": "#3"},
				"east": {"uv": [8, 2, 14, 3], "texture": "#3"},
				"south": {"uv": [8, 1, 16, 2], "texture": "#3"},
				"west": {"uv": [8, 3, 14, 4], "texture": "#3"},
				"up": {"uv": [8, 6, 0, 0], "texture": "#3"},
				"down": {"uv": [8, 6, 0, 12], "texture": "#3"}
			}
		},
		{
			"from": [4, 1, 9.9],
			"to": [11.8, 7, 10],
			"rotation": {"angle": 45, "axis": "x", "origin": [7.9, 3, 8.55]},
			"faces": {
				"north": {"uv": [8, 6, 0, 0], "texture": "#3"},
				"east": {"uv": [8, 3, 14, 4], "rotation": 90, "texture": "#3"},
				"south": {"uv": [8, 6, 0, 12], "rotation": 180, "texture": "#3"},
				"west": {"uv": [8, 2, 14, 3], "rotation": 270, "texture": "#3"},
				"up": {"uv": [8, 0, 16, 1], "texture": "#3"},
				"down": {"uv": [8, 1, 16, 2], "rotation": 180, "texture": "#3"}
			}
		},
		{
			"from": [7, 0.9, 2.95],
			"to": [9, 1, 8.7],
			"rotation": {"angle": 22.5, "axis": "x", "origin": [8, 0.95, 6.1]},
			"faces": {
				"north": {"uv": [4, 2, 6, 2.5], "texture": "#4"},
				"east": {"uv": [4, 0, 10, 0.5], "texture": "#4"},
				"south": {"uv": [4, 3, 6, 3.5], "texture": "#4"},
				"west": {"uv": [4, 1, 10, 1.5], "texture": "#4"},
				"up": {"uv": [2, 6, 0, 0], "texture": "#4"},
				"down": {"uv": [4, 0, 2, 6], "texture": "#4"}
			}
		},
		{
			"from": [7, 1.275, 8.35],
			"to": [9, 1.375, 14.15],
			"rotation": {"angle": -22.5, "axis": "x", "origin": [8, 0.95, 11.85]},
			"faces": {
				"north": {"uv": [4, 2, 6, 2.5], "texture": "#4"},
				"east": {"uv": [4, 0, 10, 0.5], "texture": "#4"},
				"south": {"uv": [4, 3, 6, 3.5], "texture": "#4"},
				"west": {"uv": [4, 1, 10, 1.5], "texture": "#4"},
				"up": {"uv": [2, 6, 0, 0], "texture": "#4"},
				"down": {"uv": [4, 0, 2, 6], "texture": "#4"}
			}
		},
		{
			"from": [7, 2.2, 3.1],
			"to": [9, 3.2, 3.2],
			"rotation": {"angle": 22.5, "axis": "x", "origin": [9, 2, 3]},
			"faces": {
				"north": {"uv": [0, 0, 4, 2], "texture": "#5"},
				"east": {"uv": [4, 2, 5, 4], "texture": "#5"},
				"south": {"uv": [0, 2, 4, 4], "texture": "#5"},
				"west": {"uv": [4, 4, 5, 6], "texture": "#5"},
				"up": {"uv": [4, 5, 0, 4], "texture": "#5"},
				"down": {"uv": [8, 0, 4, 1], "texture": "#5"}
			}
		},
		{
			"from": [7, 1.98931, 13.55646],
			"to": [9, 2.98931, 13.65646],
			"rotation": {"angle": -22.5, "axis": "x", "origin": [8, 2.58931, 13.40646]},
			"faces": {
				"north": {"uv": [0, 0, 4, 2], "texture": "#5"},
				"east": {"uv": [4, 2, 5, 4], "texture": "#5"},
				"south": {"uv": [0, 2, 4, 4], "texture": "#5"},
				"west": {"uv": [4, 4, 5, 6], "texture": "#5"},
				"up": {"uv": [4, 5, 0, 4], "texture": "#5"},
				"down": {"uv": [8, 0, 4, 1], "texture": "#5"}
			}
		},
		{
			"from": [6.9, 1.44134, 11.4633],
			"to": [9.1, 2.24134, 13.4633],
			"rotation": {"angle": -22.5, "axis": "x", "origin": [8, 1.84134, 12.4633]},
			"faces": {
				"north": {"uv": [4, 0, 8, 2], "texture": "#7"},
				"east": {"uv": [4, 2, 8, 4], "texture": "#7"},
				"south": {"uv": [4, 4, 8, 6], "texture": "#7"},
				"west": {"uv": [4, 6, 8, 8], "texture": "#7"},
				"up": {"uv": [4, 4, 0, 0], "texture": "#7"},
				"down": {"uv": [4, 4, 0, 8], "texture": "#7"}
			}
		},
		{
			"from": [5.07404, 4.5, 8.87222],
			"to": [5.09904, 5.5, 9.87222],
			"rotation": {"angle": -22.5, "axis": "y", "origin": [5.08654, 5, 9.37222]},
			"faces": {
				"north": {"uv": [2, 0, 3, 2], "texture": "#6"},
				"east": {"uv": [0, 0, 2, 2], "texture": "#6"},
				"south": {"uv": [2, 2, 3, 4], "texture": "#6"},
				"west": {"uv": [0, 2, 2, 4], "texture": "#6"},
				"up": {"uv": [1, 6, 0, 4], "texture": "#6"},
				"down": {"uv": [5, 0, 4, 2], "texture": "#6"}
			}
		},
		{
			"from": [6.81698, 2.5, 9.51823],
			"to": [7.81698, 3.5, 9.54323],
			"rotation": {"angle": -22.5, "axis": "y", "origin": [7.31698, 6, 9.53073]},
			"faces": {
				"north": {"uv": [0, 0, 2, 2], "texture": "#6"},
				"east": {"uv": [2, 2, 3, 4], "texture": "#6"},
				"south": {"uv": [0, 2, 2, 4], "texture": "#6"},
				"west": {"uv": [2, 0, 3, 2], "texture": "#6"},
				"up": {"uv": [1, 6, 0, 4], "rotation": 270, "texture": "#6"},
				"down": {"uv": [5, 0, 4, 2], "rotation": 90, "texture": "#6"}
			}
		},
		{
			"from": [7.08031, 5.5, 5.87641],
			"to": [7.10531, 6.5, 6.87641],
			"rotation": {"angle": 22.5, "axis": "z", "origin": [7.09281, 6, 6.37641]},
			"faces": {
				"north": {"uv": [2, 0, 3, 2], "texture": "#6"},
				"east": {"uv": [0, 0, 2, 2], "texture": "#6"},
				"south": {"uv": [2, 2, 3, 4], "texture": "#6"},
				"west": {"uv": [0, 2, 2, 4], "texture": "#6"},
				"up": {"uv": [1, 6, 0, 4], "texture": "#6"},
				"down": {"uv": [5, 0, 4, 2], "texture": "#6"}
			}
		},
		{
			"from": [11, 4.5, 7.5],
			"to": [11.025, 5.5, 8.5],
			"rotation": {"angle": 22.5, "axis": "y", "origin": [11.0125, 5, 8]},
			"faces": {
				"north": {"uv": [2, 0, 3, 2], "texture": "#6"},
				"east": {"uv": [0, 0, 2, 2], "texture": "#6"},
				"south": {"uv": [2, 2, 3, 4], "texture": "#6"},
				"west": {"uv": [0, 2, 2, 4], "texture": "#6"},
				"up": {"uv": [1, 6, 0, 4], "texture": "#6"},
				"down": {"uv": [5, 0, 4, 2], "texture": "#6"}
			}
		},
		{
			"from": [9.53492, 3.5, 9.18925],
			"to": [9.55992, 4.5, 10.18925],
			"rotation": {"angle": -22.5, "axis": "x", "origin": [9.54742, 4, 9.68925]},
			"faces": {
				"north": {"uv": [2, 0, 3, 2], "texture": "#6"},
				"east": {"uv": [0, 0, 2, 2], "texture": "#6"},
				"south": {"uv": [2, 2, 3, 4], "texture": "#6"},
				"west": {"uv": [0, 2, 2, 4], "texture": "#6"},
				"up": {"uv": [1, 6, 0, 4], "texture": "#6"},
				"down": {"uv": [5, 0, 4, 2], "texture": "#6"}
			}
		}
	],
	"display": {
		"thirdperson_righthand": {
			"rotation": [126.37, 73.32, -119.77],
			"translation": [0.75, 7.5, 0]
		},
		"thirdperson_lefthand": {
			"rotation": [101.5, 67.49, -92.64],
			"translation": [2.25, 8.25, 0]
		},
		"firstperson_righthand": {
			"rotation": [-10.77, 66.61, 34.03],
			"translation": [2.75, 8.25, 0]
		},
		"firstperson_lefthand": {
			"rotation": [0, 56, 28],
			"translation": [3.75, 8, 0]
		},
		"ground": {
			"translation": [0, 4.5, 0]
		},
		"gui": {
			"rotation": [4.21, -86.2, -71.22],
			"translation": [1, 2, -31.5],
			"scale": [1.25, 1.25, 1.25]
		},
		"head": {
			"rotation": [-8, 99, -97],
			"translation": [0, 15.5, -10],
			"scale": [1.5, 1.5, 1.5]
		},
		"fixed": {
			"rotation": [5, 94, -97],
			"translation": [0, 0, -10],
			"scale": [1.5, 1.5, 1.5]
		}
	},
	"groups": [
		0,
		1,
		2,
		3,
		{
			"name": "group",
			"origin": [8, 8, 8],
			"color": 0,
			"children": [4, 5, 6, 7, 8]
		},
		{
			"name": "group",
			"origin": [8, 8, 8],
			"color": 0,
			"children": [9, 10, 11, 12, 13]
		}
	]
}