{
	"credit": "Made with Blockbench",
	"textures": {
		"0": "block/side1",
		"1": "block/side2",
		"2": "block/top",
		"particle": "block/side1"
	},
	"elements": [
		{
			"from": [6, 5, 6],
			"to": [10, 6, 10],
			"faces": {
				"north": {"uv": [4, 0, 8, 1], "texture": "#2"},
				"east": {"uv": [4, 1, 8, 2], "texture": "#2"},
				"south": {"uv": [4, 2, 8, 3], "texture": "#2"},
				"west": {"uv": [4, 3, 8, 4], "texture": "#2"},
				"up": {"uv": [4, 4, 0, 0], "texture": "#2"},
				"down": {"uv": [4, 4, 0, 8], "texture": "#2"}
			}
		},
		{
			"from": [6, 0, 6],
			"to": [10, 1, 10],
			"rotation": {"angle": 0, "axis": "y", "origin": [8, 0.5, 8]},
			"faces": {
				"north": {"uv": [4, 0, 8, 1], "rotation": 180, "texture": "#2"},
				"east": {"uv": [4, 3, 8, 4], "rotation": 180, "texture": "#2"},
				"south": {"uv": [4, 2, 8, 3], "rotation": 180, "texture": "#2"},
				"west": {"uv": [4, 1, 8, 2], "rotation": 180, "texture": "#2"},
				"up": {"uv": [4, 4, 0, 8], "rotation": 180, "texture": "#2"},
				"down": {"uv": [4, 4, 0, 0], "rotation": 180, "texture": "#2"}
			}
		},
		{
			"from": [6, 0, 10],
			"to": [10, 6, 11],
			"rotation": {"angle": 0, "axis": "y", "origin": [8, 3, 10.5]},
			"faces": {
				"north": {"uv": [4, 0, 8, 6], "texture": "#1"},
				"east": {"uv": [1, 6, 2, 12], "texture": "#1"},
				"south": {"uv": [0, 0, 4, 6], "texture": "#1"},
				"west": {"uv": [0, 6, 1, 12], "texture": "#1"},
				"up": {"uv": [6, 7, 2, 6], "rotation": 180, "texture": "#1"},
				"down": {"uv": [10, 6, 6, 7], "rotation": 180, "texture": "#1"}
			}
		},
		{
			"from": [6, 0, 5],
			"to": [10, 6, 6],
			"rotation": {"angle": 0, "axis": "y", "origin": [8, 3, 5.5]},
			"faces": {
				"north": {"uv": [0, 0, 4, 6], "texture": "#1"},
				"east": {"uv": [0, 6, 1, 12], "texture": "#1"},
				"south": {"uv": [4, 0, 8, 6], "texture": "#1"},
				"west": {"uv": [1, 6, 2, 12], "texture": "#1"},
				"up": {"uv": [6, 7, 2, 6], "texture": "#1"},
				"down": {"uv": [10, 6, 6, 7], "texture": "#1"}
			}
		},
		{
			"from": [10, 0, 5],
			"to": [11, 6, 11],
			"faces": {
				"north": {"uv": [6, 0, 7, 6], "texture": "#0"},
				"east": {"uv": [0, 0, 6, 6], "texture": "#0"},
				"south": {"uv": [6, 6, 7, 12], "texture": "#0"},
				"west": {"uv": [0, 6, 6, 12], "texture": "#0"},
				"up": {"uv": [8, 6, 7, 0], "texture": "#0"},
				"down": {"uv": [8, 6, 7, 12], "texture": "#0"}
			}
		},
		{
			"from": [5, 0, 5],
			"to": [6, 6, 11],
			"rotation": {"angle": 0, "axis": "y", "origin": [5.5, 3, 8]},
			"faces": {
				"north": {"uv": [6, 6, 7, 12], "texture": "#0"},
				"east": {"uv": [0, 6, 6, 12], "texture": "#0"},
				"south": {"uv": [6, 0, 7, 6], "texture": "#0"},
				"west": {"uv": [0, 0, 6, 6], "texture": "#0"},
				"up": {"uv": [8, 6, 7, 0], "rotation": 180, "texture": "#0"},
				"down": {"uv": [8, 6, 7, 12], "rotation": 180, "texture": "#0"}
			}
		}
	],
	"display": {
		"thirdperson_righthand": {
			"rotation": [-86, 0, 0],
			"translation": [0, -1.5, -3]
		},
		"thirdperson_lefthand": {
			"rotation": [-83, 0, 0],
			"translation": [0, -1, -2.75]
		},
		"firstperson_righthand": {
			"rotation": [-34, 0, 0],
			"translation": [4.25, 7, -2.5]
		},
		"firstperson_lefthand": {
			"rotation": [-42, 0, 0],
			"translation": [3.25, 7.25, -2.5]
		},
		"ground": {
			"translation": [0, 6.75, 0]
		},
		"gui": {
			"rotation": [39, 52, 0],
			"translation": [0, 5.5, 0],
			"scale": [1.5, 1.5, 1.5]
		},
		"head": {
			"rotation": [180, 0, 0],
			"translation": [0, 2.5, 0],
			"scale": [2, 2, 2]
		},
		"fixed": {
			"rotation": [180, 0, 0],
			"translation": [0, -10.75, 0],
			"scale": [2, 2, 2]
		}
	}
}